name,pokedex_number,hp,attack,defense,speed,gen_introduced,is_default,normal_attack_effectiveness,fire_attack_effectiveness,water_attack_effectiveness,electric_attack_effectiveness,grass_attack_effectiveness,ice_attack_effectiveness,fighting_attack_effectiveness,poison_attack_effectiveness,ground_attack_effectiveness,flying_attack_effectiveness,psychic_attack_effectiveness,bug_attack_effectiveness,rock_attack_effectiveness,ghost_attack_effectiveness,dragon_attack_effectiveness,dark_attack_effectiveness,steel_attack_effectiveness,fairy_attack_effectiveness,pokemon_class,primary_type,original_hp
Buzzwole,794,107,139,139,79,7,True,1.0,2.0,1.0,1.0,0.5,1.0,0.5,1.0,0.5,4.0,2.0,0.5,1.0,1.0,1.0,0.5,1.0,2.0,Normal,Bug,107
Pheromosa,795,71,137,37,151,7,True,1.0,2.0,1.0,1.0,0.5,1.0,0.5,1.0,0.5,4.0,2.0,0.5,1.0,1.0,1.0,0.5,1.0,2.0,Normal,Bug,71
Escavalier,589,70,135,105,20,5,True,0.5,4.0,1.0,1.0,0.25,0.5,1.0,0.0,1.0,1.0,0.5,0.5,1.0,1.0,0.5,1.0,0.5,0.5,Normal,Bug,70
Scizor,212,70,130,100,65,2,True,0.5,4.0,1.0,1.0,0.25,0.5,1.0,0.0,1.0,1.0,0.5,0.5,1.0,1.0,0.5,1.0,0.5,0.5,Normal,Bug,70
Pinsir,127,65,125,100,85,1,True,1.0,2.0,1.0,1.0,0.5,1.0,0.5,1.0,0.5,2.0,1.0,1.0,2.0,1.0,1.0,1.0,1.0,1.0,Normal,Bug,65
Heracross,214,80,125,75,85,2,True,1.0,2.0,1.0,1.0,0.5,1.0,0.5,1.0,0.5,4.0,2.0,0.5,1.0,1.0,1.0,0.5,1.0,2.0,Normal,Bug,80
Golisopod,768,75,125,140,40,7,True,1.0,1.0,0.5,2.0,1.0,0.5,0.5,1.0,0.5,2.0,1.0,1.0,2.0,1.0,1.0,1.0,0.5,1.0,Normal,Bug,75
Genesect,649,71,120,95,99,5,True,0.5,4.0,1.0,1.0,0.25,0.5,1.0,0.0,1.0,1.0,0.5,0.5,1.0,1.0,0.5,1.0,0.5,0.5,Mythical,Bug,71
Scyther,123,70,110,80,105,1,True,1.0,2.0,1.0,2.0,0.25,2.0,0.25,1.0,0.0,2.0,1.0,0.5,4.0,1.0,1.0,1.0,1.0,1.0,Normal,Bug,70
Durant,632,58,109,112,109,5,True,0.5,4.0,1.0,1.0,0.25,0.5,1.0,0.0,1.0,1.0,0.5,0.5,1.0,1.0,0.5,1.0,0.5,0.5,Normal,Bug,58
Yveltal,717,126,131,95,99,6,True,1.0,1.0,1.0,2.0,0.5,2.0,1.0,1.0,0.0,1.0,0.0,1.0,2.0,0.5,1.0,0.5,1.0,2.0,Legendary,Dark,126
Absol,359,65,130,60,75,3,True,1.0,1.0,1.0,1.0,1.0,1.0,2.0,1.0,1.0,1.0,0.0,2.0,1.0,0.5,1.0,0.5,1.0,2.0,Normal,Dark,65
Honchkrow,430,100,125,52,71,4,True,1.0,1.0,1.0,2.0,0.5,2.0,1.0,1.0,0.0,1.0,0.0,1.0,2.0,0.5,1.0,0.5,1.0,2.0,Normal,Dark,100
Bisharp,625,65,125,100,70,5,True,0.5,2.0,1.0,1.0,0.5,0.5,4.0,0.0,2.0,0.5,0.0,1.0,0.5,0.5,0.5,0.5,0.5,1.0,Normal,Dark,65
Weavile,461,70,120,65,125,4,True,1.0,2.0,1.0,1.0,1.0,0.5,4.0,1.0,1.0,1.0,0.0,2.0,2.0,0.5,1.0,0.5,2.0,2.0,Normal,Dark,70
Grimmsnarl,861,95,120,65,60,8,True,1.0,1.0,1.0,1.0,1.0,1.0,1.0,2.0,1.0,1.0,0.0,1.0,1.0,0.5,0.0,0.25,2.0,2.0,Normal,Dark,95
Zarude,893,105,120,105,105,8,True,1.0,2.0,0.5,0.5,0.5,2.0,2.0,2.0,0.5,2.0,0.0,4.0,1.0,0.5,1.0,0.5,1.0,2.0,Mythical,Dark,105
Zoroark,571,60,105,60,105,5,True,1.0,1.0,1.0,1.0,1.0,1.0,2.0,1.0,1.0,1.0,0.0,2.0,1.0,0.5,1.0,0.5,1.0,2.0,Normal,Dark,60
Hydreigon,635,92,105,90,98,5,True,1.0,0.5,0.5,0.5,0.5,2.0,2.0,1.0,1.0,1.0,0.0,2.0,1.0,0.5,2.0,0.5,1.0,4.0,Normal,Dark,92
Guzzlord,799,223,101,53,43,7,True,1.0,0.5,0.5,0.5,0.5,2.0,2.0,1.0,1.0,1.0,0.0,2.0,1.0,0.5,2.0,0.5,1.0,4.0,Normal,Dark,223
Rayquaza,384,105,150,90,95,3,True,1.0,0.5,0.5,1.0,0.25,4.0,0.5,1.0,0.0,1.0,1.0,0.5,2.0,1.0,2.0,1.0,1.0,2.0,Legendary,Dragon,105
Zekrom,644,100,150,120,90,5,True,1.0,0.5,0.5,0.25,0.5,2.0,1.0,1.0,2.0,0.5,1.0,1.0,1.0,1.0,2.0,1.0,0.5,2.0,Legendary,Dragon,100
Haxorus,612,76,147,90,97,5,True,1.0,0.5,0.5,0.5,0.5,2.0,1.0,1.0,1.0,1.0,1.0,1.0,1.0,1.0,2.0,1.0,1.0,2.0,Normal,Dragon,76
Salamence,373,95,135,80,100,3,True,1.0,0.5,0.5,1.0,0.25,4.0,0.5,1.0,0.0,1.0,1.0,0.5,2.0,1.0,2.0,1.0,1.0,2.0,Normal,Dragon,95
Dragonite,149,91,134,95,80,1,True,1.0,0.5,0.5,1.0,0.25,4.0,0.5,1.0,0.0,1.0,1.0,0.5,2.0,1.0,2.0,1.0,1.0,2.0,Normal,Dragon,91
Garchomp,445,108,130,95,102,4,True,1.0,0.5,1.0,0.0,1.0,4.0,1.0,0.5,1.0,1.0,1.0,1.0,0.5,1.0,2.0,1.0,1.0,2.0,Normal,Dragon,108
Kyurem,646,125,130,90,95,5,True,1.0,1.0,0.5,0.5,0.5,1.0,2.0,1.0,1.0,1.0,1.0,1.0,2.0,1.0,2.0,1.0,2.0,2.0,Legendary,Dragon,125
Druddigon,621,77,120,90,48,5,True,1.0,0.5,0.5,0.5,0.5,2.0,1.0,1.0,1.0,1.0,1.0,1.0,1.0,1.0,2.0,1.0,1.0,2.0,Normal,Dragon,77
Reshiram,643,100,120,100,90,5,True,1.0,0.25,1.0,0.5,0.25,1.0,1.0,1.0,2.0,1.0,1.0,0.5,2.0,1.0,2.0,1.0,0.5,1.0,Legendary,Dragon,100
Dragapult,887,88,120,75,142,8,True,0.0,0.5,0.5,0.5,0.5,2.0,0.0,0.5,1.0,1.0,1.0,0.5,1.0,2.0,2.0,2.0,1.0,2.0,Normal,Dragon,88
Electivire,466,75,123,67,95,4,True,1.0,1.0,1.0,0.5,1.0,1.0,1.0,1.0,2.0,0.5,1.0,1.0,1.0,1.0,1.0,1.0,0.5,1.0,Normal,Electric,75
Luxray,405,80,120,79,70,4,True,1.0,1.0,1.0,0.5,1.0,1.0,1.0,1.0,2.0,0.5,1.0,1.0,1.0,1.0,1.0,1.0,0.5,1.0,Normal,Electric,80
Eelektross,604,85,115,80,50,5,True,1.0,1.0,1.0,0.5,1.0,1.0,1.0,1.0,2.0,0.5,1.0,1.0,1.0,1.0,1.0,1.0,0.5,1.0,Normal,Electric,85
Thundurus Incarnate,642,79,115,70,111,5,True,1.0,1.0,1.0,1.0,0.5,2.0,0.5,1.0,0.0,0.5,1.0,0.5,2.0,1.0,1.0,1.0,0.5,1.0,Legendary,Electric,79
Tapu Koko,785,70,115,85,130,7,True,1.0,1.0,1.0,0.5,1.0,1.0,0.5,2.0,2.0,0.5,1.0,0.5,1.0,1.0,0.0,0.5,1.0,1.0,Legendary,Electric,70
Zeraora,807,88,112,75,143,7,True,1.0,1.0,1.0,0.5,1.0,1.0,1.0,1.0,2.0,0.5,1.0,1.0,1.0,1.0,1.0,1.0,0.5,1.0,Mythical,Electric,88
Pincurchin,871,48,101,95,15,8,True,1.0,1.0,1.0,0.5,1.0,1.0,1.0,1.0,2.0,0.5,1.0,1.0,1.0,1.0,1.0,1.0,0.5,1.0,Normal,Electric,48
Zebstrika,523,75,100,63,116,5,True,1.0,1.0,1.0,0.5,1.0,1.0,1.0,1.0,2.0,0.5,1.0,1.0,1.0,1.0,1.0,1.0,0.5,1.0,Normal,Electric,75
Dracozolt,880,90,100,90,75,8,True,1.0,0.5,0.5,0.25,0.5,2.0,1.0,1.0,2.0,0.5,1.0,1.0,1.0,1.0,2.0,1.0,0.5,2.0,Normal,Electric,90
Arctozolt,881,90,100,90,55,8,True,1.0,2.0,1.0,0.5,1.0,0.5,2.0,1.0,2.0,0.5,1.0,1.0,2.0,1.0,1.0,1.0,1.0,1.0,Normal,Electric,90
Xerneas,716,126,131,95,99,6,True,1.0,1.0,1.0,1.0,1.0,1.0,0.5,2.0,1.0,1.0,1.0,0.5,1.0,1.0,0.0,0.5,2.0,1.0,Legendary,Fairy,126
Zacian Hero,888,92,130,115,138,8,True,1.0,1.0,1.0,1.0,1.0,1.0,0.5,2.0,1.0,1.0,1.0,0.5,1.0,1.0,0.0,0.5,2.0,1.0,Legendary,Fairy,92
Granbull,210,90,120,75,45,2,True,1.0,1.0,1.0,1.0,1.0,1.0,0.5,2.0,1.0,1.0,1.0,0.5,1.0,1.0,0.0,0.5,2.0,1.0,Normal,Fairy,90
Snubbull,209,60,80,50,30,2,True,1.0,1.0,1.0,1.0,1.0,1.0,0.5,2.0,1.0,1.0,1.0,0.5,1.0,1.0,0.0,0.5,2.0,1.0,Normal,Fairy,60
Slurpuff,685,82,80,86,72,6,True,1.0,1.0,1.0,1.0,1.0,1.0,0.5,2.0,1.0,1.0,1.0,0.5,1.0,1.0,0.0,0.5,2.0,1.0,Normal,Fairy,82
Aromatisse,683,101,72,72,29,6,True,1.0,1.0,1.0,1.0,1.0,1.0,0.5,2.0,1.0,1.0,1.0,0.5,1.0,1.0,0.0,0.5,2.0,1.0,Normal,Fairy,101
Clefable,36,95,70,73,60,1,True,1.0,1.0,1.0,1.0,1.0,1.0,0.5,2.0,1.0,1.0,1.0,0.5,1.0,1.0,0.0,0.5,2.0,1.0,Normal,Fairy,95
Florges,671,78,65,68,75,6,True,1.0,1.0,1.0,1.0,1.0,1.0,0.5,2.0,1.0,1.0,1.0,0.5,1.0,1.0,0.0,0.5,2.0,1.0,Normal,Fairy,78
Sylveon,700,95,65,65,60,6,True,1.0,1.0,1.0,1.0,1.0,1.0,0.5,2.0,1.0,1.0,1.0,0.5,1.0,1.0,0.0,0.5,2.0,1.0,Normal,Fairy,95
Alcremie,869,65,60,75,64,8,True,1.0,1.0,1.0,1.0,1.0,1.0,0.5,2.0,1.0,1.0,1.0,0.5,1.0,1.0,0.0,0.5,2.0,1.0,Normal,Fairy,65
Conkeldurr,534,105,140,95,45,5,True,1.0,1.0,1.0,1.0,1.0,1.0,1.0,1.0,1.0,2.0,2.0,0.5,0.5,1.0,1.0,0.5,1.0,2.0,Normal,Fighting,105
Sirfetchd,865,62,135,95,65,8,True,1.0,1.0,1.0,1.0,1.0,1.0,1.0,1.0,1.0,2.0,2.0,0.5,0.5,1.0,1.0,0.5,1.0,2.0,Normal,Fighting,62
Crabominable,740,97,132,77,43,7,True,1.0,2.0,1.0,1.0,1.0,0.5,2.0,1.0,1.0,2.0,2.0,0.5,1.0,1.0,1.0,0.5,2.0,2.0,Normal,Fighting,97
Machamp,68,90,130,80,55,1,True,1.0,1.0,1.0,1.0,1.0,1.0,1.0,1.0,1.0,2.0,2.0,0.5,0.5,1.0,1.0,0.5,1.0,2.0,Normal,Fighting,90
Zamazenta Hero,889,92,130,115,138,8,True,1.0,1.0,1.0,1.0,1.0,1.0,1.0,1.0,1.0,2.0,2.0,0.5,0.5,1.0,1.0,0.5,1.0,2.0,Legendary,Fighting,92
Urshifu Single Strike,892,100,130,100,97,8,True,1.0,1.0,1.0,1.0,1.0,1.0,2.0,1.0,1.0,2.0,0.0,1.0,0.5,0.5,1.0,0.25,1.0,4.0,Legendary,Fighting,100
Sawk,539,75,125,75,85,5,True,1.0,1.0,1.0,1.0,1.0,1.0,1.0,1.0,1.0,2.0,2.0,0.5,0.5,1.0,1.0,0.5,1.0,2.0,Normal,Fighting,75
Mienshao,620,65,125,60,105,5,True,1.0,1.0,1.0,1.0,1.0,1.0,1.0,1.0,1.0,2.0,2.0,0.5,0.5,1.0,1.0,0.5,1.0,2.0,Normal,Fighting,65
Marshadow,802,90,125,80,125,7,True,0.0,1.0,1.0,1.0,1.0,1.0,0.0,0.5,1.0,2.0,2.0,0.25,0.5,2.0,1.0,1.0,1.0,2.0,Mythical,Fighting,90
Pangoro,675,95,124,78,58,6,True,1.0,1.0,1.0,1.0,1.0,1.0,2.0,1.0,1.0,2.0,0.0,1.0,0.5,0.5,1.0,0.25,1.0,4.0,Normal,Fighting,95
Darmanitan Standard,555,105,140,55,95,5,True,1.0,0.5,2.0,1.0,0.5,0.5,1.0,1.0,2.0,1.0,1.0,0.5,2.0,1.0,1.0,1.0,0.5,0.5,Normal,Fire,105
Flareon,136,65,130,60,65,1,True,1.0,0.5,2.0,1.0,0.5,0.5,1.0,1.0,2.0,1.0,1.0,0.5,2.0,1.0,1.0,1.0,0.5,0.5,Normal,Fire,65
Ho Oh,250,106,130,90,90,2,True,1.0,0.5,2.0,2.0,0.25,1.0,0.5,1.0,0.0,1.0,1.0,0.25,4.0,1.0,1.0,1.0,0.5,0.5,Legendary,Fire,106
Blacephalon,806,53,127,53,107,7,True,0.0,0.5,2.0,1.0,0.5,0.5,0.0,0.5,2.0,1.0,1.0,0.25,2.0,2.0,1.0,2.0,0.5,0.5,Normal,Fire,53
Emboar,500,110,123,65,65,5,True,1.0,0.5,2.0,1.0,0.5,0.5,1.0,1.0,2.0,2.0,2.0,0.25,1.0,1.0,1.0,0.5,0.5,1.0,Normal,Fire,110
Blaziken,257,80,120,70,80,3,True,1.0,0.5,2.0,1.0,0.5,0.5,1.0,1.0,2.0,2.0,2.0,0.25,1.0,1.0,1.0,0.5,0.5,1.0,Normal,Fire,80
Cinderace,815,80,116,75,119,8,True,1.0,0.5,2.0,1.0,0.5,0.5,1.0,1.0,2.0,1.0,1.0,0.5,2.0,1.0,1.0,1.0,0.5,0.5,Normal,Fire,80
Entei,244,115,115,85,100,2,True,1.0,0.5,2.0,1.0,0.5,0.5,1.0,1.0,2.0,1.0,1.0,0.5,2.0,1.0,1.0,1.0,0.5,0.5,Legendary,Fire,115
Incineroar,727,95,115,90,60,7,True,1.0,0.5,2.0,1.0,0.5,0.5,2.0,1.0,2.0,1.0,0.0,1.0,2.0,0.5,1.0,0.5,0.5,1.0,Normal,Fire,95
Centiskorch,851,100,115,65,65,8,True,1.0,1.0,2.0,1.0,0.25,0.5,0.5,1.0,1.0,2.0,1.0,0.5,4.0,1.0,1.0,1.0,0.5,0.5,Normal,Fire,100
Tornadus Incarnate,641,79,115,70,111,5,True,1.0,1.0,1.0,2.0,0.5,2.0,0.5,1.0,0.0,1.0,1.0,0.5,2.0,1.0,1.0,1.0,1.0,1.0,Legendary,Flying,79
Corviknight,823,98,87,105,67,8,True,0.5,2.0,1.0,2.0,0.25,1.0,1.0,0.0,0.0,0.5,0.5,0.25,1.0,1.0,0.5,1.0,0.5,0.5,Normal,Flying,98
Cramorant,845,70,85,55,85,8,True,1.0,0.5,0.5,4.0,1.0,1.0,0.5,1.0,0.0,1.0,1.0,0.5,2.0,1.0,1.0,1.0,0.5,1.0,Normal,Flying,70
Noivern,715,85,70,80,123,6,True,1.0,0.5,0.5,1.0,0.25,4.0,0.5,1.0,0.0,1.0,1.0,0.5,2.0,1.0,2.0,1.0,1.0,2.0,Normal,Flying,85
Corvisquire,822,68,67,55,77,8,True,1.0,1.0,1.0,2.0,0.5,2.0,0.5,1.0,0.0,1.0,1.0,0.5,2.0,1.0,1.0,1.0,1.0,1.0,Normal,Flying,68
Rookidee,821,38,47,35,57,8,True,1.0,1.0,1.0,2.0,0.5,2.0,0.5,1.0,0.0,1.0,1.0,0.5,2.0,1.0,1.0,1.0,1.0,1.0,Normal,Flying,38
Noibat,714,40,30,35,55,6,True,1.0,0.5,0.5,1.0,0.25,4.0,0.5,1.0,0.0,1.0,1.0,0.5,2.0,1.0,2.0,1.0,1.0,2.0,Normal,Flying,40
Dhelmise,781,70,131,100,40,7,True,0.0,2.0,0.5,0.5,0.5,2.0,0.0,1.0,0.5,2.0,1.0,1.0,1.0,2.0,1.0,2.0,1.0,1.0,Normal,Ghost,70
Banette,354,64,115,65,65,3,True,0.0,1.0,1.0,1.0,1.0,1.0,0.0,0.5,1.0,1.0,1.0,0.5,1.0,2.0,1.0,2.0,1.0,1.0,Normal,Ghost,64
Trevenant,709,85,110,76,56,6,True,0.0,2.0,0.5,0.5,0.5,2.0,0.0,1.0,0.5,2.0,1.0,1.0,1.0,2.0,1.0,2.0,1.0,1.0,Normal,Ghost,85
Dusknoir,477,45,100,135,45,4,True,0.0,1.0,1.0,1.0,1.0,1.0,0.0,0.5,1.0,1.0,1.0,0.5,1.0,2.0,1.0,2.0,1.0,1.0,Normal,Ghost,45
Giratina Altered,487,150,100,120,90,4,True,0.0,0.5,0.5,0.5,0.5,2.0,0.0,0.5,1.0,1.0,1.0,0.5,1.0,2.0,2.0,2.0,1.0,2.0,Legendary,Ghost,150
Cursola,864,60,95,50,30,8,True,0.0,1.0,1.0,1.0,1.0,1.0,0.0,0.5,1.0,1.0,1.0,0.5,1.0,2.0,1.0,2.0,1.0,1.0,Normal,Ghost,60
Spiritomb,442,50,92,108,35,4,True,0.0,1.0,1.0,1.0,1.0,1.0,0.0,0.5,1.0,1.0,0.0,1.0,1.0,1.0,1.0,1.0,1.0,2.0,Normal,Ghost,50
Gourgeist Average,711,65,90,122,84,6,True,0.0,2.0,0.5,0.5,0.5,2.0,0.0,1.0,0.5,2.0,1.0,1.0,1.0,2.0,1.0,2.0,1.0,1.0,Normal,Ghost,65
Mimikyu Disguised,778,55,90,80,96,7,True,0.0,1.0,1.0,1.0,1.0,1.0,0.0,1.0,1.0,1.0,1.0,0.25,1.0,2.0,0.0,1.0,2.0,1.0,Normal,Ghost,55
Drifblim,426,150,80,44,80,4,True,0.0,1.0,1.0,2.0,0.5,2.0,0.0,0.5,0.0,1.0,1.0,0.25,2.0,2.0,1.0,2.0,1.0,1.0,Normal,Ghost,150
Kartana,798,59,181,131,109,7,True,0.5,4.0,0.5,0.5,0.25,1.0,2.0,0.0,1.0,1.0,0.5,1.0,0.5,1.0,0.5,1.0,0.5,0.5,Normal,Grass,59
Breloom,286,60,130,80,70,3,True,1.0,2.0,0.5,0.5,0.5,2.0,1.0,2.0,0.5,4.0,2.0,1.0,0.5,1.0,1.0,0.5,1.0,2.0,Normal,Grass,60
Tapu Bulu,787,70,130,115,75,7,True,1.0,2.0,0.5,0.5,0.5,2.0,0.5,4.0,0.5,2.0,1.0,1.0,1.0,1.0,0.0,0.5,2.0,1.0,Legendary,Grass,70
Rillaboom,812,100,125,90,85,8,True,1.0,2.0,0.5,0.5,0.5,2.0,1.0,2.0,0.5,2.0,1.0,2.0,1.0,1.0,1.0,1.0,1.0,1.0,Normal,Grass,100
Tsareena,763,72,120,98,72,7,True,1.0,2.0,0.5,0.5,0.5,2.0,1.0,2.0,0.5,2.0,1.0,2.0,1.0,1.0,1.0,1.0,1.0,1.0,Normal,Grass,72
Cacturne,332,70,115,60,55,3,True,1.0,2.0,0.5,0.5,0.5,2.0,2.0,2.0,0.5,2.0,0.0,4.0,1.0,0.5,1.0,0.5,1.0,2.0,Normal,Grass,70
Leafeon,470,65,110,130,95,4,True,1.0,2.0,0.5,0.5,0.5,2.0,1.0,2.0,0.5,2.0,1.0,2.0,1.0,1.0,1.0,1.0,1.0,1.0,Normal,Grass,65
Flapple,841,70,110,80,70,8,True,1.0,1.0,0.25,0.25,0.25,4.0,1.0,2.0,0.5,2.0,1.0,2.0,1.0,1.0,2.0,1.0,1.0,2.0,Normal,Grass,70
Torterra,389,95,109,105,56,4,True,1.0,2.0,1.0,0.0,1.0,4.0,1.0,1.0,0.5,2.0,1.0,2.0,0.5,1.0,1.0,1.0,1.0,1.0,Normal,Grass,95
Chesnaught,652,88,107,122,64,6,True,1.0,2.0,0.5,0.5,0.5,2.0,1.0,2.0,0.5,4.0,2.0,1.0,0.5,1.0,1.0,0.5,1.0,2.0,Normal,Grass,88
Groudon,383,100,150,140,90,3,True,1.0,1.0,2.0,0.0,2.0,2.0,1.0,0.5,1.0,1.0,1.0,1.0,0.5,1.0,1.0,1.0,1.0,1.0,Legendary,Ground,100
Rhyperior,464,115,140,130,40,4,True,0.5,0.5,4.0,0.0,4.0,2.0,2.0,0.25,2.0,0.5,1.0,1.0,0.5,1.0,1.0,1.0,2.0,1.0,Normal,Ground,115
Excadrill,530,110,135,60,88,5,True,0.5,2.0,2.0,0.0,1.0,1.0,2.0,0.0,2.0,0.5,0.5,0.5,0.25,1.0,0.5,1.0,0.5,0.5,Normal,Ground,110
Rhydon,112,105,130,120,40,1,True,0.5,0.5,4.0,0.0,4.0,2.0,2.0,0.25,2.0,0.5,1.0,1.0,0.5,1.0,1.0,1.0,2.0,1.0,Normal,Ground,105
Landorus Incarnate,645,89,125,90,101,5,True,1.0,1.0,2.0,0.0,1.0,4.0,0.5,0.5,0.0,1.0,1.0,0.5,1.0,1.0,1.0,1.0,1.0,1.0,Legendary,Ground,89
Mudsdale,750,100,125,100,35,7,True,1.0,1.0,2.0,0.0,2.0,2.0,1.0,0.5,1.0,1.0,1.0,1.0,0.5,1.0,1.0,1.0,1.0,1.0,Normal,Ground,100
Golurk,623,89,124,80,55,5,True,0.0,1.0,2.0,0.0,2.0,2.0,0.0,0.25,1.0,1.0,1.0,0.5,0.5,2.0,1.0,2.0,1.0,1.0,Normal,Ground,89
Donphan,232,90,120,120,50,2,True,1.0,1.0,2.0,0.0,2.0,2.0,1.0,0.5,1.0,1.0,1.0,1.0,0.5,1.0,1.0,1.0,1.0,1.0,Normal,Ground,90
Krookodile,553,95,117,80,92,5,True,1.0,1.0,2.0,0.0,2.0,2.0,2.0,0.5,1.0,1.0,0.0,2.0,0.5,0.5,1.0,0.5,1.0,2.0,Normal,Ground,95
Hippowdon,450,108,112,118,47,4,True,1.0,1.0,2.0,0.0,2.0,2.0,1.0,0.5,1.0,1.0,1.0,1.0,0.5,1.0,1.0,1.0,1.0,1.0,Normal,Ground,108
Glastrier,896,100,145,130,30,8,True,1.0,2.0,1.0,1.0,1.0,0.5,2.0,1.0,1.0,1.0,1.0,1.0,2.0,1.0,1.0,1.0,2.0,1.0,Legendary,Ice,100
Mamoswine,473,110,130,80,80,4,True,1.0,2.0,2.0,0.0,2.0,1.0,2.0,0.5,1.0,1.0,1.0,1.0,1.0,1.0,1.0,1.0,2.0,1.0,Normal,Ice,110
Beartic,614,95,130,80,50,5,True,1.0,2.0,1.0,1.0,1.0,0.5,2.0,1.0,1.0,1.0,1.0,1.0,2.0,1.0,1.0,1.0,2.0,1.0,Normal,Ice,95
Avalugg,713,95,117,184,28,6,True,1.0,2.0,1.0,1.0,1.0,0.5,2.0,1.0,1.0,1.0,1.0,1.0,2.0,1.0,1.0,1.0,2.0,1.0,Normal,Ice,95
Piloswine,221,100,100,80,50,2,True,1.0,2.0,2.0,0.0,2.0,1.0,2.0,0.5,1.0,1.0,1.0,1.0,1.0,1.0,1.0,1.0,2.0,1.0,Normal,Ice,100
Vanilluxe,584,71,95,85,79,5,True,1.0,2.0,1.0,1.0,1.0,0.5,2.0,1.0,1.0,1.0,1.0,1.0,2.0,1.0,1.0,1.0,2.0,1.0,Normal,Ice,71
Articuno,144,90,85,100,85,1,True,1.0,2.0,1.0,2.0,0.5,1.0,1.0,1.0,0.0,1.0,1.0,0.5,4.0,1.0,1.0,1.0,2.0,1.0,Legendary,Ice,90
Mr Rime,866,80,85,75,70,8,True,1.0,2.0,1.0,1.0,1.0,0.5,1.0,1.0,1.0,1.0,0.5,2.0,2.0,2.0,1.0,2.0,2.0,1.0,Normal,Ice,80
Glalie,362,80,80,80,80,3,True,1.0,2.0,1.0,1.0,1.0,0.5,2.0,1.0,1.0,1.0,1.0,1.0,2.0,1.0,1.0,1.0,2.0,1.0,Normal,Ice,80
Walrein,365,110,80,90,65,3,True,1.0,1.0,0.5,2.0,2.0,0.25,2.0,1.0,1.0,1.0,1.0,1.0,2.0,1.0,1.0,1.0,1.0,1.0,Normal,Ice,110
Slaking,289,150,160,100,100,3,True,1.0,1.0,1.0,1.0,1.0,1.0,2.0,1.0,1.0,1.0,1.0,1.0,1.0,0.0,1.0,1.0,1.0,1.0,Normal,Normal,150
Regigigas,486,110,160,110,100,4,True,1.0,1.0,1.0,1.0,1.0,1.0,2.0,1.0,1.0,1.0,1.0,1.0,1.0,0.0,1.0,1.0,1.0,1.0,Legendary,Normal,110
Ursaring,217,90,130,75,55,2,True,1.0,1.0,1.0,1.0,1.0,1.0,2.0,1.0,1.0,1.0,1.0,1.0,1.0,0.0,1.0,1.0,1.0,1.0,Normal,Normal,90
Bewear,760,120,125,80,60,7,True,1.0,1.0,1.0,1.0,1.0,1.0,2.0,1.0,1.0,2.0,2.0,0.5,0.5,0.0,1.0,0.5,1.0,2.0,Normal,Normal,120
Braviary,628,100,123,75,80,5,True,1.0,1.0,1.0,2.0,0.5,2.0,1.0,1.0,0.0,1.0,1.0,0.5,2.0,0.0,1.0,1.0,1.0,1.0,Normal,Normal,100
Staraptor,398,85,120,70,100,4,True,1.0,1.0,1.0,2.0,0.5,2.0,1.0,1.0,0.0,1.0,1.0,0.5,2.0,0.0,1.0,1.0,1.0,1.0,Normal,Normal,85
Arceus,493,120,120,120,120,4,True,1.0,1.0,1.0,1.0,1.0,1.0,2.0,1.0,1.0,1.0,1.0,1.0,1.0,0.0,1.0,1.0,1.0,1.0,Mythical,Normal,120
Toucannon,733,80,120,75,60,7,True,1.0,1.0,1.0,2.0,0.5,2.0,1.0,1.0,0.0,1.0,1.0,0.5,2.0,0.0,1.0,1.0,1.0,1.0,Normal,Normal,80
Zangoose,335,73,115,60,90,3,True,1.0,1.0,1.0,1.0,1.0,1.0,2.0,1.0,1.0,1.0,1.0,1.0,1.0,0.0,1.0,1.0,1.0,1.0,Normal,Normal,73
Unfezant,521,80,115,80,93,5,True,1.0,1.0,1.0,2.0,0.5,2.0,1.0,1.0,0.0,1.0,1.0,0.5,2.0,0.0,1.0,1.0,1.0,1.0,Normal,Normal,80
Toxicroak,454,83,106,65,85,4,True,1.0,1.0,1.0,1.0,0.5,1.0,0.5,0.5,2.0,2.0,4.0,0.25,0.5,1.0,1.0,0.5,1.0,1.0,Normal,Poison,83
Muk,89,105,105,75,50,1,True,1.0,1.0,1.0,1.0,0.5,1.0,0.5,0.5,2.0,1.0,2.0,0.5,1.0,1.0,1.0,1.0,1.0,0.5,Normal,Poison,105
Nidoking,34,81,102,77,85,1,True,1.0,1.0,2.0,0.0,1.0,2.0,0.5,0.25,2.0,1.0,2.0,0.5,0.5,1.0,1.0,1.0,1.0,0.5,Normal,Poison,81
Seviper,336,73,100,60,65,3,True,1.0,1.0,1.0,1.0,0.5,1.0,0.5,0.5,2.0,1.0,2.0,0.5,1.0,1.0,1.0,1.0,1.0,0.5,Normal,Poison,73
Arbok,24,60,95,69,80,1,True,1.0,1.0,1.0,1.0,0.5,1.0,0.5,0.5,2.0,1.0,2.0,0.5,1.0,1.0,1.0,1.0,1.0,0.5,Normal,Poison,60
Garbodor,569,80,95,82,75,5,True,1.0,1.0,1.0,1.0,0.5,1.0,0.5,0.5,2.0,1.0,2.0,0.5,1.0,1.0,1.0,1.0,1.0,0.5,Normal,Poison,80
Skuntank,435,103,93,67,84,4,True,1.0,1.0,1.0,1.0,0.5,1.0,1.0,0.5,2.0,1.0,0.0,1.0,1.0,0.5,1.0,0.5,1.0,1.0,Normal,Poison,103
Nidoqueen,31,90,92,87,76,1,True,1.0,1.0,2.0,0.0,1.0,2.0,0.5,0.25,2.0,1.0,2.0,0.5,0.5,1.0,1.0,1.0,1.0,0.5,Normal,Poison,90
Weezing,110,65,90,120,60,1,True,1.0,1.0,1.0,1.0,0.5,1.0,0.5,0.5,2.0,1.0,2.0,0.5,1.0,1.0,1.0,1.0,1.0,0.5,Normal,Poison,65
Crobat,169,85,90,80,130,2,True,1.0,1.0,1.0,2.0,0.25,2.0,0.25,0.5,0.0,1.0,2.0,0.25,2.0,1.0,1.0,1.0,1.0,0.5,Normal,Poison,85
Deoxys Normal,386,50,150,50,150,3,True,1.0,1.0,1.0,1.0,1.0,1.0,0.5,1.0,1.0,1.0,0.5,2.0,1.0,2.0,1.0,2.0,1.0,1.0,Mythical,Psychic,50
Solgaleo,791,137,137,107,97,7,True,0.5,2.0,1.0,1.0,0.5,0.5,1.0,0.0,2.0,0.5,0.25,1.0,0.5,2.0,0.5,2.0,0.5,0.5,Legendary,Psychic,137
Gallade,475,68,125,65,80,4,True,1.0,1.0,1.0,1.0,1.0,1.0,0.5,1.0,1.0,2.0,1.0,1.0,0.5,2.0,1.0,1.0,1.0,2.0,Normal,Psychic,68
Azelf,482,75,125,70,115,4,True,1.0,1.0,1.0,1.0,1.0,1.0,0.5,1.0,1.0,1.0,0.5,2.0,1.0,2.0,1.0,2.0,1.0,1.0,Legendary,Psychic,75
Lunala,792,137,113,89,97,7,True,0.0,1.0,1.0,1.0,1.0,1.0,0.0,0.5,1.0,1.0,0.5,1.0,1.0,4.0,1.0,4.0,1.0,1.0,Legendary,Psychic,137
Mewtwo,150,106,110,90,130,1,True,1.0,1.0,1.0,1.0,1.0,1.0,0.5,1.0,1.0,1.0,0.5,2.0,1.0,2.0,1.0,2.0,1.0,1.0,Legendary,Psychic,106
Hoopa,720,80,110,60,70,6,True,0.0,1.0,1.0,1.0,1.0,1.0,0.0,0.5,1.0,1.0,0.5,1.0,1.0,4.0,1.0,4.0,1.0,1.0,Mythical,Psychic,80
Necrozma,800,97,107,101,79,7,True,1.0,1.0,1.0,1.0,1.0,1.0,0.5,1.0,1.0,1.0,0.5,2.0,1.0,2.0,1.0,2.0,1.0,1.0,Legendary,Psychic,97
Mesprit,481,80,105,105,80,4,True,1.0,1.0,1.0,1.0,1.0,1.0,0.5,1.0,1.0,1.0,0.5,2.0,1.0,2.0,1.0,2.0,1.0,1.0,Legendary,Psychic,80
Mew,151,100,100,100,100,1,True,1.0,1.0,1.0,1.0,1.0,1.0,0.5,1.0,1.0,1.0,0.5,2.0,1.0,2.0,1.0,2.0,1.0,1.0,Mythical,Psychic,100
Rampardos,409,97,165,60,58,4,True,0.5,0.5,2.0,1.0,2.0,1.0,2.0,0.5,2.0,0.5,1.0,1.0,1.0,1.0,1.0,1.0,2.0,1.0,Normal,Rock,97
Archeops,567,75,140,65,110,5,True,0.5,0.5,2.0,2.0,1.0,2.0,1.0,0.5,0.0,0.5,1.0,0.5,2.0,1.0,1.0,1.0,2.0,1.0,Normal,Rock,75
Gigalith,526,85,135,130,25,5,True,0.5,0.5,2.0,1.0,2.0,1.0,2.0,0.5,2.0,0.5,1.0,1.0,1.0,1.0,1.0,1.0,2.0,1.0,Normal,Rock,85
Tyranitar,248,100,134,110,61,2,True,0.5,0.5,2.0,1.0,2.0,1.0,4.0,0.5,2.0,0.5,0.0,2.0,1.0,0.5,1.0,0.5,2.0,2.0,Normal,Rock,100
Stakataka,805,61,131,211,13,7,True,0.25,1.0,2.0,1.0,1.0,0.5,4.0,0.0,4.0,0.25,0.5,0.5,0.5,1.0,0.5,1.0,1.0,0.5,Normal,Rock,61
Terrakion,639,91,129,90,108,5,True,0.5,0.5,2.0,1.0,2.0,1.0,2.0,0.5,2.0,1.0,2.0,0.5,0.5,1.0,1.0,0.5,2.0,2.0,Legendary,Rock,91
Armaldo,348,75,125,100,45,3,True,0.5,1.0,2.0,1.0,1.0,1.0,1.0,0.5,1.0,1.0,1.0,1.0,2.0,1.0,1.0,1.0,2.0,1.0,Normal,Rock,75
Cranidos,408,67,125,40,58,4,True,0.5,0.5,2.0,1.0,2.0,1.0,2.0,0.5,2.0,0.5,1.0,1.0,1.0,1.0,1.0,1.0,2.0,1.0,Normal,Rock,67
Stonjourner,874,100,125,135,70,8,True,0.5,0.5,2.0,1.0,2.0,1.0,2.0,0.5,2.0,0.5,1.0,1.0,1.0,1.0,1.0,1.0,2.0,1.0,Normal,Rock,100
Tyrantrum,697,82,121,119,71,6,True,0.5,0.25,1.0,0.5,1.0,2.0,2.0,0.5,2.0,0.5,1.0,1.0,1.0,1.0,2.0,1.0,2.0,2.0,Normal,Rock,82
Melmetal,809,135,143,143,34,7,True,0.5,2.0,1.0,1.0,0.5,0.5,2.0,0.0,2.0,0.5,0.5,0.5,0.5,1.0,0.5,1.0,0.5,0.5,Mythical,Steel,135
Metagross,376,80,135,130,70,3,True,0.5,2.0,1.0,1.0,0.5,0.5,1.0,0.0,2.0,0.5,0.25,1.0,0.5,2.0,0.5,2.0,0.5,0.5,Normal,Steel,80
Copperajah,879,122,130,69,30,8,True,0.5,2.0,1.0,1.0,0.5,0.5,2.0,0.0,2.0,0.5,0.5,0.5,0.5,1.0,0.5,1.0,0.5,0.5,Normal,Steel,122
Dialga,483,100,120,120,90,4,True,0.5,1.0,0.5,0.5,0.25,1.0,2.0,0.0,2.0,0.5,0.5,0.5,0.5,1.0,1.0,1.0,0.5,1.0,Legendary,Steel,100
Aggron,306,70,110,180,50,3,True,0.25,1.0,2.0,1.0,1.0,0.5,4.0,0.0,4.0,0.25,0.5,0.5,0.5,1.0,0.5,1.0,1.0,0.5,Normal,Steel,70
Doublade,680,59,110,150,35,6,True,0.0,2.0,1.0,1.0,0.5,0.5,0.0,0.0,2.0,0.5,0.5,0.25,0.5,2.0,0.5,2.0,0.5,0.5,Normal,Steel,59
Perrserker,863,70,110,100,50,8,True,0.5,2.0,1.0,1.0,0.5,0.5,2.0,0.0,2.0,0.5,0.5,0.5,0.5,1.0,0.5,1.0,0.5,0.5,Normal,Steel,70
Celesteela,797,97,101,103,61,7,True,0.5,2.0,1.0,2.0,0.25,1.0,1.0,0.0,0.0,0.5,0.5,0.25,1.0,1.0,0.5,1.0,0.5,0.5,Normal,Steel,97
Jirachi,385,100,100,100,100,3,True,0.5,2.0,1.0,1.0,0.5,0.5,1.0,0.0,2.0,0.5,0.25,1.0,0.5,2.0,0.5,2.0,0.5,0.5,Mythical,Steel,100
Klinklang,601,60,100,115,90,5,True,0.5,2.0,1.0,1.0,0.5,0.5,2.0,0.0,2.0,0.5,0.5,0.5,0.5,1.0,0.5,1.0,0.5,0.5,Normal,Steel,60
Kingler,99,55,130,115,75,1,True,1.0,0.5,0.5,2.0,2.0,0.5,1.0,1.0,1.0,1.0,1.0,1.0,1.0,1.0,1.0,1.0,0.5,1.0,Normal,Water,55
Gyarados,130,95,125,79,81,1,True,1.0,0.5,0.5,4.0,1.0,1.0,0.5,1.0,0.0,1.0,1.0,0.5,2.0,1.0,1.0,1.0,0.5,1.0,Normal,Water,95
Barraskewda,847,61,123,60,136,8,True,1.0,0.5,0.5,2.0,2.0,0.5,1.0,1.0,1.0,1.0,1.0,1.0,1.0,1.0,1.0,1.0,0.5,1.0,Normal,Water,61
Sharpedo,319,70,120,40,95,3,True,1.0,0.5,0.5,2.0,2.0,0.5,2.0,1.0,1.0,1.0,0.0,2.0,1.0,0.5,1.0,0.5,0.5,2.0,Normal,Water,70
Crawdaunt,342,63,120,85,55,3,True,1.0,0.5,0.5,2.0,2.0,0.5,2.0,1.0,1.0,1.0,0.0,2.0,1.0,0.5,1.0,0.5,0.5,2.0,Normal,Water,63
Palkia,484,90,120,100,100,4,True,1.0,0.25,0.25,1.0,1.0,1.0,1.0,1.0,1.0,1.0,1.0,1.0,1.0,1.0,2.0,1.0,0.5,2.0,Legendary,Water,90
Drednaw,834,90,115,90,74,8,True,0.5,0.25,1.0,2.0,4.0,0.5,2.0,0.5,2.0,0.5,1.0,1.0,1.0,1.0,1.0,1.0,1.0,1.0,Normal,Water,90
Swampert,260,100,110,90,60,3,True,1.0,0.5,1.0,0.0,4.0,1.0,1.0,0.5,1.0,1.0,1.0,1.0,0.5,1.0,1.0,1.0,0.5,1.0,Normal,Water,100
Carracosta,565,74,108,133,32,5,True,0.5,0.25,1.0,2.0,4.0,0.5,2.0,0.5,2.0,0.5,1.0,1.0,1.0,1.0,1.0,1.0,1.0,1.0,Normal,Water,74
Krabby,98,30,105,90,50,1,True,1.0,0.5,0.5,2.0,2.0,0.5,1.0,1.0,1.0,1.0,1.0,1.0,1.0,1.0,1.0,1.0,0.5,1.0,Normal,Water,30
